1;Adrien Hunou;35;NULL;NULL;NULL;72;NULL;https://encrypted-tbn0.gstatic.com/images?q=tbn:ANd9GcSZbzyUL54qID_kG9Qr99lkTWWsnO2Gcq1b59kMIEvu5NY92XuNDI8P1fOLTA&s
2;Adrien Thomasson;28;NULL;NULL;NULL;85;NULL;https://encrypted-tbn0.gstatic.com/images?q=tbn:ANd9GcT42YbLEVrSQHptuPKDFy_4cqmb_eetFnKFPHfoXQkPnJVhrVfKwIsxzSpzKII&s
3;Aduriz;28;11;NULL;NULL;NULL;NULL;https://encrypted-tbn0.gstatic.com/images?q=tbn:ANd9GcSxpUOgUDH3YTUeYNk7-B1jv96pVZB3xQU85tDox2E7bA4o0wmvWvzcj_pBa-Q&s
4;Alassane Plea;23;NULL;NULL;12;12;NULL;https://encrypted-tbn0.gstatic.com/images?q=tbn:ANd9GcRyeXDocClU4kLl779enz1O1tdKwEqmN-C7tGNHJgAUUGApyaPFrfJSpEwTMg&s
5;Alejandro Gomez;28;5;NULL;NULL;NULL;NULL;https://encrypted-tbn0.gstatic.com/images?q=tbn:ANd9GcScxH2gKoz7QTUUa5Eir0YjcltWvlHS3Ol0FJosNlVdDYx3hcHMGUZDjT0H8g&s
6;Alexandre Lacazette;25;NULL;NULL;4;NULL;NULL;https://encrypted-tbn0.gstatic.com/images?q=tbn:ANd9GcSc0Faa0GkWFfvy1YlpJY7F2X9G_W0iIGcsBFm6oQfz5NoNjT2gMf2mJemMZQ&s
7;Alexis Sanchez;32;42;NULL;NULL;NULL;NULL;https://encrypted-tbn0.gstatic.com/images?q=tbn:ANd9GcRggFMCbRw6GZJl914c0crIYkNp0t5UJwfefqx7bsGnJSEDfNZdmwBXi-sDVw&s
8;Alfred Finnbogason;30;NULL;30;30;NULL;NULL;https://encrypted-tbn0.gstatic.com/images?q=tbn:ANd9GcRB3e8aes8MwEQSn30wT7JbVZfu_EPBLE-lGL0-ezM35ZR_kwPXJ628ocOW8w&s
9;Andre Silva;28;NULL;NULL;NULL;32;NULL;https://encrypted-tbn0.gstatic.com/images?q=tbn:ANd9GcSilSDtdhEAg-KgBuF0Wjse6t36dPNJftmzHjKUVQ4gPW1eifZWLCoA7xvn1w&s
10;Andrea Belotti;26;87;87;87;87;NULL;https://encrypted-tbn0.gstatic.com/images?q=tbn:ANd9GcTiDK1lVUDtB7dJlo5H0ios0IjJ9WMHL7GhW58dAyWkNEuPTLk07Q6RjkdSZQ&s
11;Andrea Petagna;20;NULL;NULL;63;63;NULL;https://encrypted-tbn0.gstatic.com/images?q=tbn:ANd9GcR5pRN_Du-US2ChOg4agSeUJpJpiyT1PND3nI3EddUoWlOPI3ybWNlJOktO9A&s
12;Andreas Cornelius;26;NULL;NULL;NULL;68;NULL;https://encrypted-tbn0.gstatic.com/images?q=tbn:ANd9GcSjuR9DCpD48QzTcRrgo8tlAW5Mql836x7JD-UeP0-3cWMFYHLY-47LaEC8nA&s
13;Andrej Kramaric;29;39;39;39;39;NULL;https://encrypted-tbn0.gstatic.com/images?q=tbn:ANd9GcRUE6cxiVT7xef0no7zTV_Yvp7hIEgBxFjx-TNWy9lTiIQQDR3ugqNyo6sBCw&s
14;Andy Delort;33;NULL;NULL;61;61;61;https://encrypted-tbn0.gstatic.com/images?q=tbn:ANd9GcQrMeIaxa8WT-NpsNQpqVx989WKrdbnx5WrknjzxAho3iVOFY-uZGjAJuKIZg&s
15;Angel Di Maria;26;NULL;NULL;69;NULL;NULL;https://encrypted-tbn0.gstatic.com/images?q=tbn:ANd9GcRi5MDKtuw_e241RuOHyRnzrZyn4EdFj9Griv6BJDS6p8PZ9mp92pTfu3-Xw7g&s
16;Angel Rodriguez;24;NULL;34;NULL;NULL;NULL;https://encrypted-tbn0.gstatic.com/images?q=tbn:ANd9GcRNLCM0JGoFddpFZwe28l94UG209SY-BvkeIT1rAdyZqqivwiyS12-LbigPug&s
17;Ante Budimir;21;NULL;NULL;NULL;67;NULL;https://encrypted-tbn0.gstatic.com/images?q=tbn:ANd9GcQCeXdLyUbVAa1bb2u4IV5XTGxik-TxWM_0R9UNP_81vtt545_1lmBz7JcB6xw&s
18;Ante Rebic;29;NULL;NULL;1;1;NULL;https://encrypted-tbn0.gstatic.com/images?q=tbn:ANd9GcSI8PpHZfUOft87MzWdehcsdJgCbrS5DNRrzHyC4ifoZX8zd6rkxOWBJrPtjQ&s
19;Anthony Martial;27;NULL;NULL;NULL;59;NULL;https://encrypted-tbn0.gstatic.com/images?q=tbn:ANd9GcSVcS2qVmDuO5EaQYsqyJPl5YctpZE1fwgAGwus2xnbcanN69R-U35wFPKFfA&s
20;Anthony Modeste;23;44;NULL;NULL;NULL;NULL;https://encrypted-tbn0.gstatic.com/images?q=tbn:ANd9GcSgRT7oi5U7NVI9x9a5-TVa5_R66dknbmBGvqDcm-fFtbeIDp5EdAUU7gOLVA&s
21;Antoine Griezmann;29;7;7;7;NULL;NULL;https://encrypted-tbn0.gstatic.com/images?q=tbn:ANd9GcRx0xTnPtbJgC63P37knb64r3Zg67UrxsioSm1qaW1-ZzEU9FpVhYU43GlMIQ&s
22;Arjen Robben;29;37;NULL;NULL;NULL;NULL;https://encrypted-tbn0.gstatic.com/images?q=tbn:ANd9GcQ5Kzf5TfyqfYh3PUHW_8-dlAiUBEZXhX8WkCdcYnfFPF7bwFaC9HGctfCfVRY&s
23;Arkadiusz Milik;34;NULL;NULL;63;63;NULL;https://encrypted-tbn0.gstatic.com/images?q=tbn:ANd9GcRx2qglM3_q8Sw93AV3r4uFXkv1bgOHyOP1j8nkE40QA7pwIYJqbY_vpoJau-c&s
24;Ashley Barnes;24;NULL;NULL;17;NULL;NULL;https://encrypted-tbn0.gstatic.com/images?q=tbn:ANd9GcT8_DQZ9cNYB3oUxQ9645BOK_ncq09IH9Ov3vTWI9Z1-j1wrDnGloIaFeV61Nw&s
25;Ayoze Perez;25;NULL;NULL;49;NULL;NULL;https://encrypted-tbn0.gstatic.com/images?q=tbn:ANd9GcS3c896tAc8aozXg9sbBMr7-t2hvQhogvoJ1EW808kX6Mp6Yiib2y4qI4Ge0-I&s
26;Benito Raman;29;NULL;NULL;78;NULL;NULL;https://encrypted-tbn0.gstatic.com/images?q=tbn:ANd9GcSJT_7k_tkffixZybJzAkCzooxNuhve6g5JBAs8RTzeH-ZpCT6NGKkYTCFEzwM&s
27;Borja Iglesias;21;NULL;NULL;10;NULL;NULL;https://encrypted-tbn0.gstatic.com/images?q=tbn:ANd9GcT1uAu5VOmzaJ14WpxKNofmlhB64HoUiQohpkeBpZgSgd073UiOcURkH_CG4g&s
28;Burak Yilmaz;29;NULL;NULL;NULL;NULL;52;https://encrypted-tbn0.gstatic.com/images?q=tbn:ANd9GcR70DO2T_glJ5hFzfg-UBs_hWsPqxo8UJlU_sXlhF9rtKhpI7wcaPw-R7e5pUc&s
29;Callum Wilson;28;NULL;NULL;64;NULL;NULL;https://encrypted-tbn0.gstatic.com/images?q=tbn:ANd9GcSITuX5rswd4NggJEczrJWvxdROf79uqAryFiq5-O7GRYrAtN0O5-wX7_iWgQ&s
30;Carlos Bacca;29;94;94;NULL;NULL;NULL;https://encrypted-tbn0.gstatic.com/images?q=tbn:ANd9GcTM1Hoo-45Qr1OXxFMYwqHusW0buqDG8gwLug20PvDyZk6BXFWsGZuWmguVQOg&s
31;Carlos Fernandez;29;NULL;NULL;NULL;79;NULL;https://encrypted-tbn0.gstatic.com/images?q=tbn:ANd9GcR1_rfhgqkOTb4g1r_Azcv2sxHIwxNft-xcY1v2_DEH8bLWhlHocGUVl5c3DTo&s
32;Cedric Bakambu;34;81;NULL;NULL;NULL;NULL;https://encrypted-tbn0.gstatic.com/images?q=tbn:ANd9GcQocJe_SV7rHDg3lkCRSwftXMcUTkD5Ldh7-Ays5GpKHDQAQC2EflvxsS3vg5A&s
33;Chicharito;31;45;NULL;NULL;NULL;NULL;https://encrypted-tbn0.gstatic.com/images?q=tbn:ANd9GcT_9NQH-0ddJSzv0uB4LMqyvppDZAt-wpdGZOwXUOKceCSaJFXWu3RTkg9qIQ&s
34;Chimy Avila;23;NULL;NULL;67;NULL;NULL;https://encrypted-tbn0.gstatic.com/images?q=tbn:ANd9GcTzJ_LNaqXlZ-IGuvOqZTS7gkV5CyIzPGB_bJfS4YjuQ5CZKnMh_t88T2NdKZQ&s
35;Chris Wood;28;NULL;NULL;NULL;17;NULL;https://encrypted-tbn0.gstatic.com/images?q=tbn:ANd9GcRNEnF_Izo1nm4GVP17gKlILdjpdYCC52juwlQVEP2JrfpDVttNVfsJHloorg&s
36;Christian Benteke;22;23;NULL;NULL;NULL;NULL;https://encrypted-tbn0.gstatic.com/images?q=tbn:ANd9GcRA_djs2g4R7fQnRgSx5ZlkJKOyoaP81PzRpcclHc77V4e6ZNAyDUwqX3E9hA&s
37;Ciro Immobile;26;46;46;46;46;NULL;https://encrypted-tbn0.gstatic.com/images?q=tbn:ANd9GcTllhC2tfyauR4jUCOufr9wyjd6j3kAUmgjK8soBLCi1wUlU19vCNsbHEgkxnU&s
38;Cristhian Stuani;28;NULL;35;35;NULL;NULL;https://encrypted-tbn0.gstatic.com/images?q=tbn:ANd9GcQB11oj4ddvGaEoF0KjuN9fFSIny_Zei9a1po2SRBZFJ7eKgpm8WemRK4_2fw&s
39;Cristiano Ronaldo;29;43;43;43;43;NULL;https://encrypted-tbn0.gstatic.com/images?q=tbn:ANd9GcSojfxJ0KQ3XiLReZVdUKUMa-hynSZlOXMZqYc3kRgvs1JlICaaHJtWjnAJow&s
40;Cyril Thereau;25;73;NULL;NULL;NULL;NULL;https://encrypted-tbn0.gstatic.com/images?q=tbn:ANd9GcQINr5kyac0N7NQEoD5DC7mJ47pun0Xf8tuXK-Us1gTw3aTKiaGVThYD8UwDg&s
41;Daniel Didavi;23;NULL;93;NULL;NULL;NULL;https://encrypted-tbn0.gstatic.com/images?q=tbn:ANd9GcRaUn-AKbFVR_4CLvsqcJ5qkMZddhDfNoQx0D8kTJcBZZ8OL13HWGCry-ZicQ8&s
42;Danny Ings;35;NULL;NULL;NULL;82;NULL;https://encrypted-tbn0.gstatic.com/images?q=tbn:ANd9GcSK2rd4YU8ZcvRTcXPamaFdIRFvkorjvMotLPDMqlIPFnXcXNh4YgpmPrbZ-gc&s
43;Dario Benedetto;24;NULL;NULL;NULL;57;NULL;https://encrypted-tbn0.gstatic.com/images?q=tbn:ANd9GcT9AgWLnGagKLD2UP4RqJ1Aallr5v3w0D-39M6QsPkKuuM1LCmbjnb8fPfQkA&s
44;Davie Selke;21;NULL;86;NULL;NULL;NULL;https://encrypted-tbn0.gstatic.com/images?q=tbn:ANd9GcR-XLL4Xc-KFugJSHGkN2gl7HP9g0KgZuEWkx43lGntcwWJhRB6rnqf-insMw&s
45;Dele Alli;29;88;NULL;NULL;NULL;NULL;https://encrypted-tbn0.gstatic.com/images?q=tbn:ANd9GcSLr_DVwalrToOwPfdzamLIr3SpNy3Spokp8E0Y2-jrwPDHyxnCcdueMSHIoPc&s
46;Denis Bouanga;21;NULL;NULL;NULL;83;NULL;https://encrypted-tbn0.gstatic.com/images?q=tbn:ANd9GcR60AmK77wncTkfOUszrVxoWZHlVmRkwI1aWS9i2tIZnH7h7UU1Fr_Wipm8crY&s
47;Diego Costa;26;6;NULL;NULL;NULL;NULL;https://encrypted-tbn0.gstatic.com/images?q=tbn:ANd9GcT3TiS2qI_fBfl1qjRaMrbdZn_sHzMa5lalbLId6fK7DRLIlEzaA8eJ006ZxPc&s
48;Diego Falcinelli;28;24;NULL;NULL;NULL;NULL;https://encrypted-tbn0.gstatic.com/images?q=tbn:ANd9GcRXJ3gcnXpmRIDm48kiTkMxiWec33DrSBGcy8Aw8yPRq8ZzP4RlOhqIQI724ws&s
49;Dimitri Payet;24;NULL;NULL;NULL;57;NULL;https://encrypted-tbn0.gstatic.com/images?q=tbn:ANd9GcR4VxfA5mCk6NnbG0Vjl4qb0PDMypnyUtdNyMGccs627IiFoqN-731tVJtXLA&s
50;Domenico Berardi;20;NULL;NULL;NULL;76;NULL;https://encrypted-tbn0.gstatic.com/images?q=tbn:ANd9GcST-d3NHfRbA5Gyx4LHjaI9ck_UgnDQGnp6GSDvwb05YfYAOwG8b4NbXphUDP8&s
51;Dominic Calvert-Lewin;32;NULL;NULL;NULL;29;29;https://encrypted-tbn0.gstatic.com/images?q=tbn:ANd9GcQVaEy6tAjFf5YYqS4wCrtdxhSH47h8M6DehExZf9YQBinX8b0RM_BYgw3iRSo&s
52;Dries Mertens;26;63;63;63;NULL;NULL;https://encrypted-tbn0.gstatic.com/images?q=tbn:ANd9GcSk0X6AXd9RP-HDikT1tM7S6WdWVf9pmWYpGBJk1dIKzrMA-lrEXqefplJ2Uoo&s
53;Duvan Zapata;24;NULL;5;5;5;NULL;https://encrypted-tbn0.gstatic.com/images?q=tbn:ANd9GcQjY7sPt8TjZ7cwlphd43ffMlG9qF-cqPOGAgiaBVCHY0-qdjT3ky4q_IxHJw&s
54;Eden Hazard;26;73;NULL;73;NULL;NULL;https://encrypted-tbn0.gstatic.com/images?q=tbn:ANd9GcQCu08d1TJARyHd-5Qmk6XCcdcaAPJdG6RRIhuCEnCtphOdk5IV-kA29By40ME&s
55;Edin Dzeko;27;74;74;74;74;NULL;https://encrypted-tbn0.gstatic.com/images?q=tbn:ANd9GcSLpe14q7aPsL0ljzL6eTppsttFz6PjEIC_zbMXCd9z468A70VxwzH95vscYw0&s
56;Edinson Cavani;22;NULL;NULL;59;NULL;NULL;https://encrypted-tbn0.gstatic.com/images?q=tbn:ANd9GcQSHO8-fWBmlGT6pSI7sEQoa_YQL32Sl_IAmjkn6u740XVghvf2vXFbq7WXtYQ&s
57;Emil Forsberg;30;71;NULL;NULL;NULL;NULL;https://encrypted-tbn0.gstatic.com/images?q=tbn:ANd9GcTQPqwyu-z_Qq2q-VYqM2S4B-1uC9TWKy6195tEaYJacKqgstA-XbXzX0IDxQ&s
58;Emiliano Sala;26;NULL;NULL;18;NULL;NULL;https://encrypted-tbn0.gstatic.com/images?q=tbn:ANd9GcRolZQK-ftAFBNc1_gbVfT2NCZESJkHJ8aTk_g7YjXqnsDYwZm-sz63iJpG-qI&s
59;Erling Haaland;31;NULL;NULL;NULL;25;NULL;https://encrypted-tbn0.gstatic.com/images?q=tbn:ANd9GcS0GO-iVVQfOZI7MTL9MA8Vasus1Rjs1jHstYKrKk_nuBogEEQh69W8ST8N-YA&s
60;Fabio Quagliarella;34;75;75;75;75;NULL;https://encrypted-tbn0.gstatic.com/images?q=tbn:ANd9GcSbZtPS-Q52KpqqNY-qozmt6Kkkh9U2UDlVvsnQ-wP2Fct6vjCrlZlhuph017Q&s
61;Falcao;30;NULL;NULL;33;NULL;NULL;https://encrypted-tbn0.gstatic.com/images?q=tbn:ANd9GcS5cBq7MubVQxhnbEXixD4452H1KNGTvLHghJloKidt8qs7xZhyQGcOM-nU-OU&s
62;Fernando Llorente;28;63;NULL;NULL;NULL;NULL;https://encrypted-tbn0.gstatic.com/images?q=tbn:ANd9GcTLsX5Z6b5CIsr1-r5QfhmXCeYsfZkysHOo2CdKf3kNNjIo28RMufLSbjGfKg&s
63;Fin Bartels;30;38;NULL;NULL;NULL;NULL;https://encrypted-tbn0.gstatic.com/images?q=tbn:ANd9GcSVquyd2Qjhnmcr1GTQkerXZ7OhpIgbSQP9xYv_MoghfoLyKWNOD6QOlJefFw&s
64;Florian Niederlechner;28;30;NULL;NULL;30;NULL;https://encrypted-tbn0.gstatic.com/images?q=tbn:ANd9GcQZcyd2hOei7DRhROEukPawumJHFEvhskzICzaLxrrRY9I4wWie5j46WeAP2ww&s
65;Florian Thauvin;20;NULL;NULL;57;NULL;57;https://encrypted-tbn0.gstatic.com/images?q=tbn:ANd9GcSSU5GCSu8we1iD6VmHEzBZ-UiEnSjp68nogqwfbGy4ZEDWytMzWjEuomFRQ-s&s
66;Florin Andone;29;74;NULL;NULL;NULL;NULL;https://encrypted-tbn0.gstatic.com/images?q=tbn:ANd9GcTOUyVczbggUk_oe3-Y5xnJ5ydx-YHLpUiES3BAcD_1oLQMxkYHkIshg5x7bA&s
67;Francesco Caputo;21;NULL;NULL;76;76;NULL;https://encrypted-tbn0.gstatic.com/images?q=tbn:ANd9GcR096qIXH4_IlqqLBE3jUsYXTk9bbYOCle_p7XBeZvw16XtPhXRmMwMibcz0w&s
68;Francois Kamano;25;NULL;NULL;54;NULL;NULL;https://encrypted-tbn0.gstatic.com/images?q=tbn:ANd9GcTmDbW3Ivyc9e0-yiWU66aOMusR1S9TOIjnq6uJg7YzSFZC7T0oq4r-kHCnGUA&s
69;Gabriel Jesus;20;NULL;NULL;NULL;58;NULL;https://encrypted-tbn0.gstatic.com/images?q=tbn:ANd9GcRL6O2PKYVLUxht_Oywhe9TlrpC9VGny8UgaIS95ZJl2xRW6dnYfeNESjamW_Y&s
70;Gael Kakuta;29;NULL;NULL;NULL;NULL;50;https://encrypted-tbn0.gstatic.com/images?q=tbn:ANd9GcTZMSveQUH4FPb4A5NhKRAxSVGpN48urV49O_msyUw9SR55Qn0uibVsA0FcKRc&s
71;Gaetan Laborde;30;NULL;NULL;61;NULL;NULL;https://encrypted-tbn0.gstatic.com/images?q=tbn:ANd9GcRZW3dQesL79W6SlVVg6BE6j9RZpSvFODjP7QFVu3_Gr_fkLN6sUxPht5Bjsw&s
72;Gareth Bale;25;NULL;88;NULL;NULL;NULL;https://encrypted-tbn0.gstatic.com/images?q=tbn:ANd9GcS6Q58gVEHrSqP4pEFEJoMej9gIo1O5l4-YAslfiakdN4FszJ8RNcKJEOUikA&s
73;Gerard Moreno;30;94;94;NULL;94;NULL;https://encrypted-tbn0.gstatic.com/images?q=tbn:ANd9GcTCvv4vb0BfRDPcuHBIy_yJv45XiUD9Kw_uxUJrj4ul0NLAAriLVPPxLP9sGA&s
74;Gervinho;21;NULL;NULL;68;NULL;NULL;https://encrypted-tbn0.gstatic.com/images?q=tbn:ANd9GcTSrv5MiUhgS1XeFMS6ISblElSAvlsNxFhr0J4KzLNWPS2_Kr9QEYWPJnv8HA&s
75;Gianluca Lapadula;23;NULL;NULL;NULL;9;NULL;https://encrypted-tbn0.gstatic.com/images?q=tbn:ANd9GcRNy5x9mi09X8JloiM-3YYkfzJqD9r7A3sDiKjO7gASCc2O8SmtOOkEzUPLl_w&s
76;Giovanni Simeone;20;19;19;NULL;19;NULL;https://encrypted-tbn0.gstatic.com/images?q=tbn:ANd9GcRYkRqoWC-11nzLUvzoTSpThSS_-312gbSOfbP92dp5flNXqm2UzdchW8EEjA&s
77;Glenn Murray;22;NULL;NULL;95;NULL;NULL;https://encrypted-tbn0.gstatic.com/images?q=tbn:ANd9GcQk5ZPeJGHxa_UV2IHbXnIZUgYetEpQDZ0xjmzqmyfBW08nzuCxQLZ2h_Fesg&s
78;Gonzalo Higuain;24;41;41;NULL;NULL;NULL;https://encrypted-tbn0.gstatic.com/images?q=tbn:ANd9GcRcaxyPMZQj-e2E93XPURMnGAK_yzWKYkUiKZfVjMkQ1OAfuz5Dxw6DpgU5CA&s
79;Gregoire Defrel;24;76;NULL;76;NULL;NULL;https://encrypted-tbn0.gstatic.com/images?q=tbn:ANd9GcQeUqghiNqnCgsCBr3d4IY9knMfCbcM5MlciQZTH0tv_mpd3_W3QZ60hWFbesE&s
80;Guido Burgstaller;25;84;84;NULL;NULL;NULL;https://encrypted-tbn0.gstatic.com/images?q=tbn:ANd9GcQtlFlftR6nv4JKA5AFTQTh7K3z3bLeba2GlNmviE89kt-M3US0Bml3y27Lig&s
81;Gylfi Sigurdsson;26;NULL;NULL;29;NULL;NULL;https://encrypted-tbn0.gstatic.com/images?q=tbn:ANd9GcQ6cvQGtlEZkk4eodvqcJILRiNWx-pCLIjIoOgm3w3lOpxYUFFU_veDCSFFug&s
82;Habib Diallo;26;NULL;NULL;NULL;85;NULL;https://encrypted-tbn0.gstatic.com/images?q=tbn:ANd9GcRCqr9BSepsAJOA7kPzOpA1scXQ8BQ7ZrXJ5qCbiVc7o7qcEWgKeeFUHvrTYmk&s
83;Harry Kane;32;88;NULL;88;88;88;https://encrypted-tbn0.gstatic.com/images?q=tbn:ANd9GcQpZYOJNVy9pOaZYrGbZ_O7-HX2KXxB3fZGEs5KYO2QSycwIAZbwIyv4u_hfw8&s
84;Iago Aspas;22;21;21;21;21;21;https://encrypted-tbn0.gstatic.com/images?q=tbn:ANd9GcQAMRMPXz_AUBjVjy8bVimG4MtWO5y_pvU6qSViSvpQ9oF6GkgSY-B8Rnmrqw&s
85;Iago Falque;26;9;9;NULL;NULL;NULL;https://encrypted-tbn0.gstatic.com/images?q=tbn:ANd9GcS5nn5bOzi3fkWYO80ljdto0X8uIaX8hc9ARhvLgvpTu-7Nmt-1LobqzY-eLQ&s
86;Inaki Williams;27;NULL;NULL;11;NULL;NULL;https://encrypted-tbn0.gstatic.com/images?q=tbn:ANd9GcTOcLDwCFEd6n7Iv4Lw4GdWTDY1YHDQmIhX8y0ACP4mTsCL7AekeV72sSTIl4U&s
87;Isco;29;73;NULL;NULL;NULL;NULL;https://encrypted-tbn0.gstatic.com/images?q=tbn:ANd9GcTDmNgzWyr8MPD8mPxBKqHfV0SdYakliMa5GdZ8HKyyY04m-4PjGHrDOQHBLQ&s
88;Ishak Belfodil;24;NULL;NULL;39;NULL;NULL;https://encrypted-tbn0.gstatic.com/images?q=tbn:ANd9GcTf3IUcFTOPzQLFzQyZ_hQ_zIpTMLIATccsT1eQgr_Qk9dg8971Y5mEYi3OkQ&s
89;Islam Slimani;22;NULL;NULL;NULL;49;NULL;https://encrypted-tbn0.gstatic.com/images?q=tbn:ANd9GcRjPPWU64gfwsFZ9lpsZVnH9zqOaOkWrChXzkqeLVZXvgjPPyESQsmvwnPNeA&s
90;Ivan Perisic;27;NULL;42;NULL;NULL;NULL;https://encrypted-tbn0.gstatic.com/images?q=tbn:ANd9GcQo2r7ODudYK7mWEXjZ_HvoAcX90u24fSTLd6eKo_R2pfxQIdua11-fFovGkA&s
91;Jadon Sancho;26;NULL;NULL;25;25;NULL;https://encrypted-tbn0.gstatic.com/images?q=tbn:ANd9GcSh5UQrCgkEhp-XIpTz_nPPs7RhcZOV49jFF3WS9bJwC51yiY-tpDNhk1dTuns&s
92;Jaime Mata;24;NULL;NULL;34;34;NULL;https://encrypted-tbn0.gstatic.com/images?q=tbn:ANd9GcT7Zv33gYFhjL0xfgvcg2VLwKVIQWU_LYjD5IFt6dEYyZhLt1f1n-mzRNn-Kg&s
93;James Ward-Prowse;24;NULL;NULL;NULL;NULL;82;https://encrypted-tbn0.gstatic.com/images?q=tbn:ANd9GcSOlJJAjTR5347tvRjlfz7gSM8zyZpKQDLVNbxf2a9cc5B0yXiabbEnthR4Y-k&s
94;Jamie Vardy;28;49;NULL;49;49;NULL;https://encrypted-tbn0.gstatic.com/images?q=tbn:ANd9GcTjE4VbyP2rtQiyg4qOrNVwy4eNeTKH8bcPPzJSHE9q4pJWxZgzHr5qs8nzxA&s
95;Jarrod Bowen;25;NULL;NULL;NULL;NULL;95;https://encrypted-tbn0.gstatic.com/images?q=tbn:ANd9GcTjzdxCGWfMeZNjAN3KFVLDFBJHx3WDHK7ThTd-aHrgoKPswfwd0G367LBxE6U&s
96;Jean-Kevin Augustin;26;NULL;62;NULL;NULL;NULL;https://encrypted-tbn0.gstatic.com/images?q=tbn:ANd9GcQmoMViwvLuqYEJPwN0qsXwfYhfOktphLrj-0uXtgNhfFVQqGnmUbt1xmcYjCg&s
97;Jean-Philippe Mateta;24;NULL;NULL;56;NULL;NULL;https://encrypted-tbn0.gstatic.com/images?q=tbn:ANd9GcSEjps_HARs3m8XkczE9QOxnvywMdTeoM0CLdczOuOSuxIgIZepDAORGyjQKmU&s
98;Jermain Defoe;28;70;NULL;NULL;NULL;NULL;https://encrypted-tbn0.gstatic.com/images?q=tbn:ANd9GcQiGv9ng9Y1RZ9zO90sCMchrSlX9k8p41whq8J3qKLCbj2WwwANA6ORZKu1qA&s
99;Jhon Cordoba;31;NULL;NULL;NULL;16;NULL;https://encrypted-tbn0.gstatic.com/images?q=tbn:ANd9GcSAy2cfSzXrQgy8SFMjkijw444EfB9YUK1KlfGPUIc3qBHkrgb8HK-gTQAqg0o&s
100;Joao Pedro;33;NULL;NULL;NULL;19;NULL;https://encrypted-tbn0.gstatic.com/images?q=tbn:ANd9GcTLz6cvv930Btg_knot2KPBGtnhksrloX2d9SsB7Z7bWN1Dw6H13N7--Fa-zg&s
101;Jonathan Bamba;31;NULL;NULL;52;NULL;52;https://encrypted-tbn0.gstatic.com/images?q=tbn:ANd9GcSUCVFECNENGE6fvTvELrGJIZmfnZ_6dn6tr8T6JRg1rFY2ULlW5k4jUIZVOw&s
102;Jorge Molina;27;NULL;NULL;36;NULL;NULL;https://encrypted-tbn0.gstatic.com/images?q=tbn:ANd9GcQH-kgg09vrlt3bW_wClcRvTRdn3WBdKIE3MdfNL93HKCG9d7XaHvtYpgqsecY&s
103;Jose CallejOn;32;31;31;NULL;NULL;NULL;https://encrypted-tbn0.gstatic.com/images?q=tbn:ANd9GcT7w_aLnebF30lKsMwao7kxuCIAMJM447n61-gCaDldkWP9gy02MeEinol90A&s
104;Joselu;27;NULL;NULL;NULL;2;NULL;https://encrypted-tbn0.gstatic.com/images?q=tbn:ANd9GcQkL02Z6cEcR9crydu8DAkRcZ2cw_JDjlVYLJXK41TNxR-UBjicIRY5ajBbeGg&s
105;Joshua King;35;15;NULL;15;NULL;NULL;https://encrypted-tbn0.gstatic.com/images?q=tbn:ANd9GcRy6ppman2sE3vzgKjrU70R3w5Z4AfrtX51gpe4hudI1RRGhKapwB0N2Wp0uJ0&s
106;Josip Ilicic;25;NULL;5;5;5;NULL;https://encrypted-tbn0.gstatic.com/images?q=tbn:ANd9GcS3kaLmAH2bwvltbnu9mYEStkLnLS2qgZqnZS9fvJzbbSu6J4psTg-20t1glA&s
107;Juanmi Callejon;24;10;NULL;NULL;NULL;NULL;https://encrypted-tbn0.gstatic.com/images?q=tbn:ANd9GcSIJ7zoBwUooKZHxV_rgKDy3d2Vk8Ja4T9zP6oAuElSoPmY4Gy3DFwIaMSdDLQ&s
108;Julian Brandt;31;NULL;25;NULL;NULL;NULL;https://encrypted-tbn0.gstatic.com/images?q=tbn:ANd9GcTn5S3vdKmsezRUgI2JfRzjOq4wA4xCw_ZvxkQ9-u5EEBrYiNrwTPVtYFjGm98&s
109;Kai Havertz;35;NULL;NULL;22;22;NULL;https://encrypted-tbn0.gstatic.com/images?q=tbn:ANd9GcQkalV6LsZKEruRPGsimUtI_4I3NIEZmAkZf8k7bqfWcqy6OuK4k0ezHuqT_6M&s
110;Karim Benzema;28;73;NULL;73;73;NULL;https://encrypted-tbn0.gstatic.com/images?q=tbn:ANd9GcTzSWw4mzqDnJDLvZNpyyuFAR-k3T9F9BeNpr2PpP4P5YFOI1P-Sii5jgav9_s&s
111;Kasper Dolberg;24;NULL;NULL;NULL;65;NULL;https://encrypted-tbn0.gstatic.com/images?q=tbn:ANd9GcRTXKloOsDuKB0YRTm9JjJzGsadI5E9TRiOn5JDQo5j9_o9PI3zKFiX3BL9IpM&s
112;Keita Balde;26;75;NULL;NULL;NULL;NULL;https://encrypted-tbn0.gstatic.com/images?q=tbn:ANd9GcSrddNrDXw5gw1LzY1CPvs8ubcT3zNurZ9VmEdF-rh11ZmCUBgxAFH_b2qIueE&s
113;Kevin De Bruyne;18;NULL;NULL;NULL;58;NULL;https://encrypted-tbn0.gstatic.com/images?q=tbn:ANd9GcTlXnYZcUmNVrfanxkyE1bT_C9vrNwGLhzHMBSlEkyiu3dM2QTau8aAgAzImQ&s
114;Kevin Gameiro;29;91;NULL;NULL;NULL;NULL;https://encrypted-tbn0.gstatic.com/images?q=tbn:ANd9GcRcMj0ck1fyurx7ZTsCzKQc--5fv4LMl60APsMaxBs4hUd5idxznsNWUz0CCQ&s
115;Kevin Lasagna;31;NULL;89;NULL;NULL;NULL;https://encrypted-tbn0.gstatic.com/images?q=tbn:ANd9GcS8reiuxMNQD5_h70598YQASa4_NXgqID-1iEropiqvW-GLPndpHWW7yg3vJWw&s
116;Kevin Volland;21;NULL;60;60;60;NULL;https://encrypted-tbn0.gstatic.com/images?q=tbn:ANd9GcQvUIkIsnIKPxbAZj3RNaLLfFLjCFa523OsCwaSe_HvML8-fIdyuZS7vc3pS6s&s
117;Krzysztof Piatek;26;NULL;NULL;16;NULL;NULL;https://encrypted-tbn0.gstatic.com/images?q=tbn:ANd9GcT4BVzYcwESug8lJGRDaAA7HF0uOV2Iy2R6d7SlxnJn08VgRym3RYfOkFuWEA8&s
118;Kylian Mbappe-Lottin;30;NULL;NULL;69;69;NULL;https://encrypted-tbn0.gstatic.com/images?q=tbn:ANd9GcTHoPrLiD1rH7GvF-T0aa4EK6jKMqqx_Xb-t5dfU3DY2FfND60Vo4GkxU6GZQ&s
119;Lars Stindl;30;12;NULL;NULL;12;NULL;https://encrypted-tbn0.gstatic.com/images?q=tbn:ANd9GcS0VK_xnY9SC6s7F6sYyBGdXC6Ydg2CXs8ARqtQhvEBoMMfCk6Dcy9F1GfHoNc&s
120;Lautaro Martrinez;23;NULL;NULL;NULL;42;NULL;https://encrypted-tbn0.gstatic.com/images?q=tbn:ANd9GcQ6wZ-NqadxSMPMcL2t-UlwYgNvj8vtSNJkgov8EDBB6xUMWMMiIyeQHZnAFIc&s
121;Lebo Mothiba;19;NULL;NULL;85;NULL;NULL;https://encrypted-tbn0.gstatic.com/images?q=tbn:ANd9GcSlaQWZ3N6cwVX1hKrZA66uCAdrZWZmohMHG4dzYZM2NoJKQiykbBesR7gpPg&s
122;Leon Bailey;22;NULL;51;NULL;NULL;NULL;https://encrypted-tbn0.gstatic.com/images?q=tbn:ANd9GcSWuJTa9gp3I9Wr07sB3dvXnTdpUoYHVEQFRz3UgbHqVEi8AjbR-FLSmz4sNGk&s
123;Leonardo Pavoletti;29;NULL;19;19;NULL;NULL;https://encrypted-tbn0.gstatic.com/images?q=tbn:ANd9GcR5nG54vdZ7c9ySdqTc_3eXn4jDfbNoQ-lt5nVY52vaTdaqviipQE20VYMSYQs&s
124;Lionel Messi;27;7;7;7;7;NULL;https://encrypted-tbn0.gstatic.com/images?q=tbn:ANd9GcSPoOXLY2lIegvpRXJulLOVzGeeFz8AiX45RKAMPfYe5BCoaJJM_iJKiQQI6w&s
125;Loren Moron;23;NULL;NULL;NULL;10;NULL;https://encrypted-tbn0.gstatic.com/images?q=tbn:ANd9GcRUAfQMLrKBw-bPGJIlrVD7dZ7Mjoz1K9Hu1aHCTh2ejCaCZqmrTtC75UhVbA&s
126;Lorenzo Insigne;29;63;NULL;63;NULL;NULL;https://encrypted-tbn0.gstatic.com/images?q=tbn:ANd9GcToTtyn9F_kRGF62ASvTowR5j_v0CzK6X8XcykFoYzDFhDoGwOVphkCdrqoHxU&s
127;Lucas Ocampos;25;NULL;NULL;NULL;79;NULL;https://encrypted-tbn0.gstatic.com/images?q=tbn:ANd9GcQMxKO-VOBWD_UxBF6Dtomz507gY98LQ1ovuBkUYlpmvaUTN-OxR-zbFEMBCR4&s
128;Lucas Perez;30;NULL;NULL;NULL;2;NULL;https://encrypted-tbn0.gstatic.com/images?q=tbn:ANd9GcTqaulr5GOoTNqCGdjJZ3KPEeW1_UkXNpafAu9MqCPeuPL8gTcWahA78VSEVck&s
129;Ludovic Ajorque;30;NULL;NULL;NULL;85;85;https://encrypted-tbn0.gstatic.com/images?q=tbn:ANd9GcTCWdi0KOvUXc7EBDC6vOTItQGB3O5Bwo_s7EWL4_4thAbhsbRxs8oUp3uMCg&s
130;Ludovic Blas;24;NULL;NULL;NULL;NULL;62;https://encrypted-tbn0.gstatic.com/images?q=tbn:ANd9GcRj4o5u5TkSiWTZRKw83fHqN77CpX9t3iFz0tQsReVum9SZohrvd9F7xOENrw&s
131;Luis Alberto;21;NULL;46;NULL;NULL;NULL;https://encrypted-tbn0.gstatic.com/images?q=tbn:ANd9GcQ2oPHT1FgQq8sZ99WjzzR3MMSh-iY5Jxk6StH3gINW4BONUrc5dNYzF4aPfko&s
132;Luis Muriel;26;NULL;NULL;NULL;5;NULL;https://encrypted-tbn0.gstatic.com/images?q=tbn:ANd9GcSfn_kHo3qclO_o30aTgwio_lEmpNfnJl8CgK74tQCkpCatv3tEATbb0ELSMgQ&s
133;Luis Suarez;30;6;6;6;6;NULL;https://encrypted-tbn0.gstatic.com/images?q=tbn:ANd9GcRXs_rGb0VjwCVcgvsd0XZe4xogA4HD8O9-gexWc4vSwHuKGMAeq4ee2GL0ciQ&s
134;Luka Jovic;23;NULL;NULL;73;NULL;NULL;https://encrypted-tbn0.gstatic.com/images?q=tbn:ANd9GcTqfAgh94283v3woWbVPmoKBCyGge-Tp32gegP6IXtmYXmMvsa9JyNYbagyIA&s
135;Luka Milivojevic;26;NULL;NULL;23;NULL;NULL;https://encrypted-tbn0.gstatic.com/images?q=tbn:ANd9GcSmohwXVhSKlRlqRtdijuzBcnCkKGcnUmLfEOV7WDk2LgKwrTaHbeluSEqs_2Q&s
136;M'Baye Niang;25;5;NULL;NULL;NULL;NULL;https://encrypted-tbn0.gstatic.com/images?q=tbn:ANd9GcRb8s2qbKLJ4IbyYJxOGdE5IkIu9NMBlw2vib82Kv96J1-L3htGtETRNgwKGA&s
137;Marco Borriello;29;NULL;NULL;NULL;47;NULL;https://encrypted-tbn0.gstatic.com/images?q=tbn:ANd9GcSSkVTIr-G8x4rVfUxEz1YosjjPEw55Fdb0aXuuUQUAZjazMODT2KokFbzmPuI&s
138;Marco Mancosu;23;NULL;NULL;25;25;NULL;https://encrypted-tbn0.gstatic.com/images?q=tbn:ANd9GcR-3L0DcSyJSsWW9u6oioSLojOyeUp4PhA75nPywLvFcwyHf1ORICoB9pWdb1w&s
139;Marco Reus;23;NULL;NULL;NULL;59;NULL;https://encrypted-tbn0.gstatic.com/images?q=tbn:ANd9GcQdlvfZOMpGh7FSTZRaDKfTv3YOxDDVzI7y8RPZQzarS1A8w_YYlpo8Z3TRRA&s
140;Marcus Rashford;22;NULL;NULL;NULL;12;NULL;https://encrypted-tbn0.gstatic.com/images?q=tbn:ANd9GcRsZlOPK82Xcc_xVzaXiuFEJDyy56eBtNHn1o3-TkPIBk37nWqJsGDyjiGpTs8&s
141;Marcus Thuram;21;8;NULL;NULL;NULL;NULL;https://encrypted-tbn0.gstatic.com/images?q=tbn:ANd9GcTls0SxrR9w1Jrn2rPWMNIDcaZhfw4Cg9Cxfm8z5hgULphL9FtaItqNQ_AOGEA&s
142;Mario Gomez;29;NULL;NULL;43;NULL;NULL;https://encrypted-tbn0.gstatic.com/images?q=tbn:ANd9GcQknopadl9sLi-IKoQ3yRNlzRaHT82L3kfg62-zIZy3uVOMh3Q32-uAFIC3Hpc&s
143;Mario Mandzukic ;26;NULL;78;NULL;NULL;NULL;https://encrypted-tbn0.gstatic.com/images?q=tbn:ANd9GcQUqPyVSBzSzO4ivVkEwrm7Y2f3bgA1Bvt6f-vEzmO1NWdlzHzFjEhrtFSEmQk&s
144;Mark Uth;27;69;69;69;69;NULL;https://encrypted-tbn0.gstatic.com/images?q=tbn:ANd9GcSyRr-m_psVi3wEkLV1vBVCDR-HNpa4scvu9aoBLeJgappQVA-Lm1qOdG6l7A&s
145;Mauro Icardi;26;NULL;NULL;80;NULL;NULL;https://encrypted-tbn0.gstatic.com/images?q=tbn:ANd9GcSaWXTsOodu_0tpO9JThfHD20V8ymvfzvqNJcEsDMQ3VjTv8Enbtd8jfFJMfe0&s
146;Max Gradel;25;90;NULL;90;NULL;NULL;https://encrypted-tbn0.gstatic.com/images?q=tbn:ANd9GcQRBfTW8i23uKqiH2Nykz0gDlw064790itlZ09vFt__QI330zHzd3DOvYcNMeA&s
147;Max Kruse;25;NULL;91;91;NULL;NULL;https://encrypted-tbn0.gstatic.com/images?q=tbn:ANd9GcTI24TvZd8F136kof94_1GAy1o1wnsTXZFPocG6bPgnWlH8pX_tegSJozwqHVg&s
148;Maxi Gomez;27;96;NULL;NULL;NULL;NULL;https://encrypted-tbn0.gstatic.com/images?q=tbn:ANd9GcQARgpI-qZrQjMEetA0y7PUvV7UKpDz1-w9yr0BLwkWRs6r50yr4qWRoVJYXQ&s
149;Maximilian Philipp;28;NULL;NULL;72;72;NULL;https://encrypted-tbn0.gstatic.com/images?q=tbn:ANd9GcTn4NDRPmQs9-irJ7rxFUAPJF5vhNRget8ZTqFuNpUg6Ya7eQmZQDgMRFrm55Y&s
150;Memphis Depay;25;NULL;NULL;55;55;NULL;https://encrypted-tbn0.gstatic.com/images?q=tbn:ANd9GcRi3_-zr8fUn5Doev64AJ_-7UNK1k5kkJjvhyseJJ0kFjfSmLF5vhj_MGWG4lk&s
151;Michael Gregoritsch;25;NULL;30;NULL;NULL;NULL;https://encrypted-tbn0.gstatic.com/images?q=tbn:ANd9GcTRchNkBSkH4UWCachf950hn-DRv3dPS4gsBiUvpKD4qhm1e7TYCBBs5nIMyg&s
152;Michail Antonio;25;95;NULL;NULL;NULL;NULL;https://encrypted-tbn0.gstatic.com/images?q=tbn:ANd9GcQMXFwQIJugh4nOHvTsmGYHnWObSL3SswVGelQybC1MZrN9mB3lB-3aFyxnpZA&s
153;Mikel Oyarzabal;26;NULL;81;81;81;NULL;https://encrypted-tbn0.gstatic.com/images?q=tbn:ANd9GcRAXPO4fbV8GDZmuMC3Qkk-5OpaqmRNljgrIIIVThzafUDwy0LI-pp5eGu9ktg&s
154;Mirco Antenucci;23;NULL;7;NULL;NULL;NULL;https://encrypted-tbn0.gstatic.com/images?q=tbn:ANd9GcSfGBphhMAL8F0Tgk7E1NnfpVn50OFygd1GaqV9cSlDrUAuyw9yjnecPCPcWck&s
155;Mohamed Salah;26;53;NULL;53;53;NULL;https://encrypted-tbn0.gstatic.com/images?q=tbn:ANd9GcS3mBtK9LnGexJFFvCJfJ5La8Gr3h1TgHjJcy5s6Q_PNjovHK0dyGRkRBUPg8U&s
156;Morales;31;NULL;51;51;NULL;51;https://encrypted-tbn0.gstatic.com/images?q=tbn:ANd9GcQPJUrehczvCtntj4R5JsgzyQuWzRbA7wGeh-SUzC1H1t5xZlJJ6WBP458OqO4&s
157;Morata;23;43;NULL;NULL;43;NULL;https://encrypted-tbn0.gstatic.com/images?q=tbn:ANd9GcSyBjowytFuyAG86GY5hxlPBgIh7DUut5mbVcAqME-qs-RMY1Bz7nP-OgbsxPc&s
158;Moussa Dembele;28;NULL;NULL;55;55;NULL;https://encrypted-tbn0.gstatic.com/images?q=tbn:ANd9GcQyAdPoS_swGfrbOkk779d3VtULwI3x5k1L_of0EdwTVItsnkBCA2VtXiMqTjg&s
159;Munir;29;NULL;79;NULL;NULL;NULL;https://encrypted-tbn0.gstatic.com/images?q=tbn:ANd9GcRJAsCFybJ0dr36jPxySeVZ98AKOSxgE10XKuVGultXrEQfLY_mIplqIt9UODg&s
160;Neymar;34;69;NULL;69;69;NULL;https://encrypted-tbn0.gstatic.com/images?q=tbn:ANd9GcSGrvQQAyWanonF5ApZYjg3ymA3utg61xCHYF-CtN04Jjhf4lHafwXZ2RlcBw&s
161;Niclas Fullkrug;24;NULL;86;NULL;NULL;NULL;https://encrypted-tbn0.gstatic.com/images?q=tbn:ANd9GcQV82Oj7dqPyo8eiZC3_bvELPZBMfWsSX4tnUPKaCPUdZVOgFAQjhHIemUY7g0&s
162;Nicolas Pepe;32;NULL;NULL;4;NULL;NULL;https://encrypted-tbn0.gstatic.com/images?q=tbn:ANd9GcTCP6EIMT-Mtq3QxK0aDgjHLXEhtGPsoDFzRUta_IXQb14YZcJjUeDviwJSvw&s
163;Nikola Kalinic;24;92;NULL;NULL;NULL;NULL;https://encrypted-tbn0.gstatic.com/images?q=tbn:ANd9GcQHh8tGDOQ4dXk2bimhhnCN-pemBLdlafSFsd8ry75lyspoZsjRbAfdOeufxg&s
164;Nils Petersen;22;NULL;77;NULL;77;NULL;https://encrypted-tbn0.gstatic.com/images?q=tbn:ANd9GcT1sCZT7ZYHAp8CMacCLQUxV8SfC8a1MBGCTyNhZskvv1sKQXtuocI9mfg-uiY&s
165;Olivier Giroud;33;22;NULL;NULL;NULL;NULL;https://encrypted-tbn0.gstatic.com/images?q=tbn:ANd9GcQTcm6ppFmCv3QON_xOG0AQOhav7IURjepHdH17iLav_cfAusO-SbjD-IJB_A&s
166;Ondrej Duda;19;NULL;NULL;44;NULL;NULL;https://encrypted-tbn0.gstatic.com/images?q=tbn:ANd9GcRl8jH4lyCuDKnLMcNuz0dmHyrm7NJleN7kxs6MgSHqWKpiTfB7XdBSFHZDNk8&s
167;Pablo Sarabia;36;NULL;NULL;69;NULL;NULL;https://encrypted-tbn0.gstatic.com/images?q=tbn:ANd9GcQ2oAUj8OuW730Pj61A2ieIJ6E6PBQloJEyDicDSvKlNod1JBzgsHNnqWpFFA&s
168;Paco Alcacer;28;NULL;NULL;94;NULL;NULL;https://encrypted-tbn0.gstatic.com/images?q=tbn:ANd9GcQSqMuaAKKZVFvfxQNrqNkT9_QpHFEnshAPur82_upNS3nHG2mWgOlFbS2cqqM&s
169;Patrick Bamford;31;NULL;NULL;NULL;NULL;48;https://encrypted-tbn0.gstatic.com/images?q=tbn:ANd9GcQOH5Od_o8a_9Zz6PiacMZC4pn6OGV6jSvZ-tWjb2A55x8SbtgSdXi-tzL-JDw&s
170;Paul Pogba;22;NULL;NULL;59;NULL;NULL;https://encrypted-tbn0.gstatic.com/images?q=tbn:ANd9GcTTba5vGb3XSWJvlISYpyW-IPMacgkSmyvkGiNihRiGiMDJdFfI5jG9Anq4AKQ&s
171;Paulo Dybala;27;NULL;43;NULL;NULL;NULL;https://encrypted-tbn0.gstatic.com/images?q=tbn:ANd9GcQ0c2f-cIEILRRq0V0FxSAxbJJsYvZToiHbXDCDxfdvUtAHnSoS9_pDBBc96g&s
172;Pedro ;29;74;NULL;NULL;NULL;NULL;https://encrypted-tbn0.gstatic.com/images?q=tbn:ANd9GcSQ4srCRQtzc0jsSVs1Y9T0aA7McjbiXLAa43AsOKbSWwvNsjq3rL43GPgMmw&s
173;Philippe Coutinho;24;7;NULL;NULL;NULL;NULL;https://encrypted-tbn0.gstatic.com/images?q=tbn:ANd9GcQHLceI9QgXhh3dzIVnJBXeIUEBqEPkcRVvYZN_3fh2_YAjhytrvhuxxeC90Jk&s
174;Pierre-Emerick Aubameyang;24;4;4;4;4;NULL;https://encrypted-tbn0.gstatic.com/images?q=tbn:ANd9GcRl2qLhQv9MaLc8kTDu_TXJ6r4DGJpJowSM1DIEYVFY6sCmyHv6yiG01neWZTE&s
175;Portu;19;NULL;81;NULL;NULL;NULL;https://encrypted-tbn0.gstatic.com/images?q=tbn:ANd9GcQW88zzjHNsWQgkHJXTmr2ivGCwnmQ1DGjxVXvSBgdYGnEGUmHQGGqdfhCbFno&s
176;Raheem Sterling;30;NULL;NULL;58;58;NULL;https://encrypted-tbn0.gstatic.com/images?q=tbn:ANd9GcQXfKk2i6FhU539kKoxfAWNEoYI4SEgNbRSMYyGzcgll_kysD6xB94bgWB3Rw&s
177;Raul de Tomas;26;NULL;NULL;28;NULL;NULL;https://encrypted-tbn0.gstatic.com/images?q=tbn:ANd9GcRHzS50ivIAgB_4ibKCrS6qL1ZGBpYf4w17_kS1I22WGvJBgUBgXUsRI6MIpBA&s
178;Raul Garcla;27;NULL;NULL;NULL;11;NULL;https://encrypted-tbn0.gstatic.com/images?q=tbn:ANd9GcTwo7QWfz1Y_zTo16lPsjdDKOJeckOWFdsZUAGfdC7VNKWSyMDtD1RnwETPRg&s
179;Raul Jimenez;29;NULL;NULL;97;97;97;https://encrypted-tbn0.gstatic.com/images?q=tbn:ANd9GcSoGNmKDeSrj0MC9oS4G0aFhf2_1Wo5bmDm4GEitjAA5ISFHbBa7RgR9MgTZA&s
180;Remi Oudin;31;NULL;NULL;13;NULL;NULL;https://encrypted-tbn0.gstatic.com/images?q=tbn:ANd9GcQLS_CbvDfpF4EQUf4gifdsZb0qSDO9_ebkou44rwN_KvkJijPPPv5_EaN6BQY&s
181;Richarlison;21;NULL;NULL;29;29;NULL;https://encrypted-tbn0.gstatic.com/images?q=tbn:ANd9GcQFwClF5LOMM32iqkdcuJtye1N-Fjrz4UZgstHdy4L-F3U5ty89Lld4BYAMDw&s
182;Riyad Mahrez;27;NULL;NULL;NULL;58;NULL;https://encrypted-tbn0.gstatic.com/images?q=tbn:ANd9GcS4G17ysL_88iiyIsBuEYXnti_sST1vILB_dJv1RUxWrGGQCmnq2Zw-3Kwx9c4&s
183;Robert Lewandowski;20;8;8;8;8;NULL;https://encrypted-tbn0.gstatic.com/images?q=tbn:ANd9GcT1ZOhnYxQYrl_N62KRYZSZR31mghMwM_E5nDLBGVd4m5MJDiv99kdZ9fDGj_I&s
184;Roberto Firmino;25;53;NULL;NULL;NULL;NULL;https://encrypted-tbn0.gstatic.com/images?q=tbn:ANd9GcQjyLioof9ZCt17pKC7iE0F8Cn3fyy8h8w6b0T_krn-Zj2p1D8pH_lIpLRopQ&s
185;Roberto Inglese;25;NULL;68;68;NULL;NULL;https://encrypted-tbn0.gstatic.com/images?q=tbn:ANd9GcTWqpIpbbZxsHCJ6HuQw6iSqtG6oN4thhQZYu-QgrdNEjBXdpcXoXguoqWEoQ&s
186;Robin Quaison;25;NULL;NULL;NULL;56;NULL;https://encrypted-tbn0.gstatic.com/images?q=tbn:ANd9GcRV0DG_d4Q2BglY_kkj9XcYy3dHlP-r5oSvlX7F1UuFwyz1HzfddH-L7_tAkLI&s
187;Rodrigo;28;NULL;91;NULL;NULL;NULL;https://encrypted-tbn0.gstatic.com/images?q=tbn:ANd9GcQsfKxyZBmBz11RKGZtEcvTAf0ART0ATT6ufqSlqfEX47GDCvjfIjlf1Nt26yM&s
188;Roger;32;NULL;NULL;51;51;NULL;https://encrypted-tbn0.gstatic.com/images?q=tbn:ANd9GcTAH8bX_Oa5vTUt3dKvehfoszxQq5hiRAMNrPa3dbuoxO1LJ5rwLeiY1TvsHQ&s
189;Romelu Lukaku;30;42;NULL;NULL;42;NULL;https://encrypted-tbn0.gstatic.com/images?q=tbn:ANd9GcTnnchYxSda-EUj7eCzE9pnjsZJkcaqHoat1Wxg4SXCV25yZBOiHQDS-eMFKWk&s
190;Rouwen Hennings;21;NULL;NULL;NULL;26;NULL;https://encrypted-tbn0.gstatic.com/images?q=tbn:ANd9GcQ2SmkXzHkXQe2q7O-_sg40obQ425QzfX0QmX7Aw36Gz-d1ckbcUtR8tfc_cME&s
191;Ruben Castro;22;20;NULL;NULL;NULL;NULL;https://encrypted-tbn0.gstatic.com/images?q=tbn:ANd9GcTh5oNdS9BUk4ItSgmfnsJGk6BFZRdcYoa9RSXrLdS-vuQE25SpF0ISfJSzSQ&s
192;Sadio Mane;26;53;NULL;53;53;NULL;https://encrypted-tbn0.gstatic.com/images?q=tbn:ANd9GcQuihLb8jXtGOokCRg-1LSBjfEmQRowZCWjIVnAGFntuIyTP82oJCZWm7AA79s&s
193;Salomon Kalou;27;NULL;14;NULL;NULL;NULL;https://encrypted-tbn0.gstatic.com/images?q=tbn:ANd9GcT3HNu3mWtVkpwPcCxbXYo0s_Rf49VPc31ICftHWXeuV4MVYdpXY7l18f0QOQ&s
194;Sandro Ramlrez;26;40;NULL;NULL;NULL;NULL;https://encrypted-tbn0.gstatic.com/images?q=tbn:ANd9GcQ3u1JdPtsOL3kOlkK4L_nESECiy-9ztfptZU_sCTA2NFQw7UKxKn1DZ_4yGQ&s
195;Sandro Wagner;22;39;39;NULL;NULL;NULL;https://encrypted-tbn0.gstatic.com/images?q=tbn:ANd9GcQjb9mkkhP_s59lbBK8_2EKZBT_5hqTNHnTtN70Eqq4HkI02oTVBxQwORdtnA&s
196;Santi Cazorla;30;NULL;NULL;NULL;94;NULL;https://encrypted-tbn0.gstatic.com/images?q=tbn:ANd9GcTr4-pU2sHGe8YdiI7AXIVxbHTN0pxD8VPMeACXpu0ox8-ZDzjagFhu5KiFyPg&s
197;Santi Mina;30;NULL;21;NULL;NULL;NULL;https://encrypted-tbn0.gstatic.com/images?q=tbn:ANd9GcTbCDISaw2U0KmCYse5FiGPKoUpupE0GiTChH152eqnF0YraXzDPGm_uxjNGA&s
198;Sebastian Andersson;24;NULL;NULL;NULL;44;NULL;https://encrypted-tbn0.gstatic.com/images?q=tbn:ANd9GcRS_m-mWpG3nekQeu6zkvTrQtOJnxHg1aaAaAL42aENmiI5UQ9LGva33NJObw&s
199;Sebastien Haller;22;NULL;NULL;95;NULL;NULL;https://encrypted-tbn0.gstatic.com/images?q=tbn:ANd9GcQZtdheXKfPDKl6RWvr2PdVZnlbr20ZbGuJiiuhFsh1oVdpKt8HPwDCbv-9UQ&s
200;Sehrou Guirassy;28;NULL;NULL;NULL;72;NULL;https://encrypted-tbn0.gstatic.com/images?q=tbn:ANd9GcQmkoZ4TLLM70k25RolpAMnbsJZArmjBCqNwlyXVcagyiC0HmST3hcATcwtOg&s
201;Serge Gnabry;22;8;8;NULL;8;NULL;https://encrypted-tbn0.gstatic.com/images?q=tbn:ANd9GcRTDvxsTHWGBdDMPHPxdnrlfRarDoZIzGnhr_jPU96uifIpG6pe9gNdGlMp2MQ&s
202;Sergej Milinkovic-Savic;26;NULL;46;NULL;NULL;NULL;https://encrypted-tbn0.gstatic.com/images?q=tbn:ANd9GcSjOFNjByBTXPxi-t_E5QC6myFMfWXQsCHSM6Oq3OS3GHfjsSEMkYGPHqq7uw&s
203;Sergi Enrich;27;27;NULL;NULL;NULL;NULL;https://encrypted-tbn0.gstatic.com/images?q=tbn:ANd9GcQxM10Ng_uyWcWZB1LpgwitZs8pD2cDbkx1B1UGf7cm33DhIkvbYceL0rovPA&s
204;Sergio Aguero;26;58;NULL;58;58;NULL;https://encrypted-tbn0.gstatic.com/images?q=tbn:ANd9GcTrbqbFcn_7ECVM1Pwx-lpFHn6LlC6UQvKSCbT5z50M42Cog72hBHZKDKSu8zI&s
205;Sergio Leon;34;NULL;51;NULL;NULL;NULL;https://encrypted-tbn0.gstatic.com/images?q=tbn:ANd9GcRbaMnoJjxNjxaq6o9kLnvQ4u4x5tHgYWHqA2aZ7kaQen3qz1UPOAJl3ddDNw&s
206;Sergio Ramos;28;NULL;NULL;NULL;73;NULL;https://encrypted-tbn0.gstatic.com/images?q=tbn:ANd9GcTgbI4gp5hd9QCEGgLzBrdjIj9J7lu0yAnqZAfiz8atfK-CqAqTWpbZBuLmYLs&s
207;Simone Zaza;23;NULL;87;NULL;NULL;NULL;https://encrypted-tbn0.gstatic.com/images?q=tbn:ANd9GcQsEZROQZEjnO-yFMtCC4DgbUtFabxhYn62XjtLDp-SbxtIEZoH4rasm9m-Jg&s
208;Son Heung-Min;24;88;NULL;88;88;88;https://encrypted-tbn0.gstatic.com/images?q=tbn:ANd9GcTaGw1GXfRbTkOYQysxTvg2m0eJhyUKNIU3xvF1XLuvuxj1587BKcnC84ZkcQ&s
209;Stephan El Shaarawy;21;NULL;NULL;74;NULL;NULL;https://encrypted-tbn0.gstatic.com/images?q=tbn:ANd9GcRqvJxdGh044anfhsvx8MEuzoBIffm31DnKYA2kJjVhAgA8AjzDjk1efaoy7iQ&s
210;Stephane Bahoken;29;NULL;NULL;3;NULL;NULL;https://encrypted-tbn0.gstatic.com/images?q=tbn:ANd9GcRbxOS2ctlS0vabD3f5TojbwGB4dupxZdEoOzJymVfgfikLJITxFbFAqhqyPUE&s
211;Tammy Abraham;23;NULL;NULL;NULL;22;NULL;https://encrypted-tbn0.gstatic.com/images?q=tbn:ANd9GcSzDoFrgPeHLpzh9c415aYR1Sb6TdxORPy9S6kZSxaKNMZFLoLC6DB3XaYanw&s
212;Teemu Pukki;20;NULL;NULL;NULL;66;NULL;https://encrypted-tbn0.gstatic.com/images?q=tbn:ANd9GcTs5lAErB6kxVcjjYr804auX4MZpygL0jrBqA1MESGGE4j1FAv1aN10W_5B7w&s
213;Thorgan Hazard;27;NULL;25;NULL;NULL;NULL;https://encrypted-tbn0.gstatic.com/images?q=tbn:ANd9GcSRWmuRQDt0Tho2mZL13zNM0TQKLL3vTUWy1P5sj1OiY4QdffsuZWip3Vki9g&s
214;Timo Werner;28;22;22;22;22;22;https://encrypted-tbn0.gstatic.com/images?q=tbn:ANd9GcQ655cuzxNDo8tnCJwTugd5dRc4JeK7Vd3ipjyG063psd52ZR2TGGREJQUwlA&s
215;Vedad Ibisevic;27;78;NULL;NULL;NULL;NULL;https://encrypted-tbn0.gstatic.com/images?q=tbn:ANd9GcSuIAyWGwoYjR6KGoprnpumeKRRJfg7oq4_RkEjGHf8n47YFjvTe50XIDHKGMs&s
216;Victor Osimhen;29;NULL;NULL;NULL;63;NULL;https://encrypted-tbn0.gstatic.com/images?q=tbn:ANd9GcSTq79FqIs9HXwP-Sh3LZe6PJ510tr9zspQh4c_EBeX2vjcLox6_XNyAa65Ug&s
217;Wahbi Khazri;27;NULL;NULL;83;NULL;NULL;https://encrypted-tbn0.gstatic.com/images?q=tbn:ANd9GcRudGwp8_z8NSYYiY5ydy42bb7nl75nDhtKOVXocrld-bruxC6kxFZUgMmkjSM&s
218;Willian Jose;33;81;81;81;81;NULL;https://encrypted-tbn0.gstatic.com/images?q=tbn:ANd9GcSy0S82PyfCoh7FsAgVN8QlRar4-v8na3Z53xSx4rvnTIi4Fo8XLPCT1GqksA&s
219;Wissam Ben Yedder;26;60;NULL;60;60;60;https://encrypted-tbn0.gstatic.com/images?q=tbn:ANd9GcReUm0i_9h4tq18JVvyDz43RyuJJYfiyMIT6NTeRcyYy-gi_Fs2zrYNLD2m7Fg&s
220;Wout Weghorst;29;NULL;NULL;96;96;NULL;https://encrypted-tbn0.gstatic.com/images?q=tbn:ANd9GcRxXP9lzgTI3axBffozwDYtsjhz4Uabk0Wr3QaAqKmW3zX38zRiLlc9jg5SgQQ&s
221;Yussuf Poulsen;24;NULL;NULL;71;NULL;NULL;https://encrypted-tbn0.gstatic.com/images?q=tbn:ANd9GcSXXHop3OGvRiiElBL8r0Q5wBC0gMRxB6dom_tdhYS2vlSbF1wXnPEM_UkT_uU&s
222;Zlatan Ibrahimovic;30;1;NULL;NULL;NULL;NULL;https://encrypted-tbn0.gstatic.com/images?q=tbn:ANd9GcTbTWYi_QRO3aZE3RuJZyqaZ1VqWRkn9ox5JX6SSqF1rtVHdC9eauThY2LZdm4&s
;;;;;;;;
